[
	{
		"id": 1,
		"totalTime": 180,
		"totalMiles": 53.0,
		"totalCalories": 1281.1,
		"milesToDate": 2675,
		"daysExercised": "M/T/W/S",
		"dateRecorded": "2020-03-04",
		"exerciseType": "Cycling",
		"createdTs": "2020-04-15 20:23:50"
	},
	{
		"id": 2,
		"totalTime": 180,
		"totalMiles": 53.1,
		"totalCalories": 1283.9,
		"milesToDate": 2622,
		"daysExercised": "W/T/F",
		"dateRecorded": "2020-02-28",
		"exerciseType": "Cycling",
		"createdTs": "2020-04-15 20:24:20"
	},
	{
		"id": 3,
		"totalTime": 180,
		"totalMiles": 52.9,
		"totalCalories": 1277.4,
		"milesToDate": 2569,
		"daysExercised": "M/T/S",
		"dateRecorded": "2020-02-25",
		"exerciseType": "Cycling",
		"createdTs": "2020-04-15 20:24:54"
	},
	{
		"id": 4,
		"totalTime": 180,
		"totalMiles": 52.2,
		"totalCalories": 1261.6,
		"milesToDate": 2516,
		"daysExercised": "W/T/F",
		"dateRecorded": "2020-02-21",
		"exerciseType": "Cycling",
		"createdTs": "2020-04-15 20:25:26"
	},
	{
		"id": 5,
		"totalTime": 180,
		"totalMiles": 52.6,
		"totalCalories": 1270.9,
		"milesToDate": 2464,
		"daysExercised": "M/W/T",
		"dateRecorded": "2020-02-17",
		"exerciseType": "Cycling",
		"createdTs": "2020-04-15 20:26:10"
	},
	{
		"id": 6,
		"totalTime": 180,
		"totalMiles": 52.7,
		"totalCalories": 1273.8,
		"milesToDate": 2411,
		"daysExercised": "M/T/S",
		"dateRecorded": "2020-02-11",
		"exerciseType": "Cycling",
		"createdTs": "2020-04-15 20:26:40"
	},
	{
		"id": 7,
		"totalTime": 180,
		"totalMiles": 53.9,
		"totalCalories": 1302.2,
		"milesToDate": 2358,
		"daysExercised": "T/W/T/F",
		"dateRecorded": "2020-02-09",
		"exerciseType": "Cycling",
		"createdTs": "2020-04-15 20:27:25"
	},
	{
		"id": 8,
		"totalTime": 150,
		"totalMiles": 44.2,
		"totalCalories": 1067.6,
		"milesToDate": 2304,
		"daysExercised": "M/T/F",
		"dateRecorded": "2020-02-03",
		"exerciseType": "Cycling",
		"createdTs": "2020-04-15 20:27:58"
	},
	{
		"id": 9,
		"totalTime": 150,
		"totalMiles": 43.4,
		"totalCalories": 1049.5,
		"milesToDate": 2260,
		"daysExercised": "M/T/W",
		"dateRecorded": "2020-01-29",
		"exerciseType": "Cycling",
		"createdTs": "2020-04-15 20:28:25"
	},
	{
		"id": 10,
		"totalTime": 180,
		"totalMiles": 52.1,
		"totalCalories": 1258.2,
		"milesToDate": 2211,
		"daysExercised": "W/T/F",
		"dateRecorded": "2020-01-25",
		"exerciseType": "Cycling",
		"createdTs": "2020-04-15 20:28:54"
	},
	{
		"id": 11,
		"totalTime": 180,
		"totalMiles": 51.6,
		"totalCalories": 1245.6,
		"milesToDate": 2165,
		"daysExercised": "M/T/F/S",
		"dateRecorded": "2020-01-20",
		"exerciseType": "Cycling",
		"createdTs": "2020-04-15 20:29:33"
	},
	{
		"id": 12,
		"totalTime": 180,
		"totalMiles": 51.5,
		"totalCalories": 1243.4,
		"milesToDate": 2113,
		"daysExercised": "M/T/W",
		"dateRecorded": "2020-01-15",
		"exerciseType": "Cycling",
		"createdTs": "2020-04-15 20:30:06"
	},
	{
		"id": 13,
		"totalTime": 180,
		"totalMiles": 51.4,
		"totalCalories": 1243.0,
		"milesToDate": 2061,
		"daysExercised": "T/F/S",
		"dateRecorded": "2020-01-11",
		"exerciseType": "Cycling",
		"createdTs": "2020-04-15 20:30:44"
	},
	{
		"id": 14,
		"totalTime": 180,
		"totalMiles": 52.2,
		"totalCalories": 1261.6,
		"milesToDate": 2010,
		"daysExercised": "M/T/W",
		"dateRecorded": "2020-01-01",
		"exerciseType": "Cycling",
		"createdTs": "2020-04-15 20:31:17"
	},
	{
		"id": 15,
		"totalTime": 180,
		"totalMiles": 52.4,
		"totalCalories": 1265.9,
		"milesToDate": 1958,
		"daysExercised": "F/S/S",
		"dateRecorded": "2019-12-28",
		"exerciseType": "Cycling",
		"createdTs": "2020-04-15 20:31:50"
	},
	{
		"id": 16,
		"totalTime": 180,
		"totalMiles": 52.6,
		"totalCalories": 1270.9,
		"milesToDate": 1905,
		"daysExercised": "W/T/F",
		"dateRecorded": "2019-12-22",
		"exerciseType": "Cycling",
		"createdTs": "2020-04-15 20:32:22"
	},
	{
		"id": 17,
		"totalTime": 180,
		"totalMiles": 52.7,
		"totalCalories": 1272.4,
		"milesToDate": 1853,
		"daysExercised": "M/T/T/S",
		"dateRecorded": "2019-12-17",
		"exerciseType": "Cycling",
		"createdTs": "2020-04-15 20:33:33"
	},
	{
		"id": 18,
		"totalTime": 150,
		"totalMiles": 44.5,
		"totalCalories": 1075.0,
		"milesToDate": 1800,
		"daysExercised": "M/T/W",
		"dateRecorded": "2019-12-11",
		"exerciseType": "Cycling",
		"createdTs": "2020-04-15 20:34:03"
	},
	{
		"id": 19,
		"totalTime": 180,
		"totalMiles": 51.2,
		"totalCalories": 1236.8,
		"milesToDate": 1755,
		"daysExercised": "T/W/T/F",
		"dateRecorded": "2019-12-06",
		"exerciseType": "Cycling",
		"createdTs": "2020-04-15 20:34:34"
	},
	{
		"id": 20,
		"totalTime": 180,
		"totalMiles": 52.3,
		"totalCalories": 1262.6,
		"milesToDate": 1704,
		"daysExercised": "M/F/S",
		"dateRecorded": "2019-12-03",
		"exerciseType": "Cycling",
		"createdTs": "2020-04-15 20:35:03"
	},
	{
		"id": 21,
		"totalTime": 180,
		"totalMiles": 52.7,
		"totalCalories": 1277.7,
		"milesToDate": 1652,
		"daysExercised": "M/F/S",
		"dateRecorded": "2019-11-25",
		"exerciseType": "Cycling",
		"createdTs": "2020-04-15 20:35:46"
	},
	{
		"id": 22,
		"totalTime": 180,
		"totalMiles": 52.3,
		"totalCalories": 1264.6,
		"milesToDate": 1599,
		"daysExercised": "T/W/T",
		"dateRecorded": "2019-11-21",
		"exerciseType": "Cycling",
		"createdTs": "2020-04-15 20:36:22"
	},
	{
		"id": 23,
		"totalTime": 160,
		"totalMiles": 45.9,
		"totalCalories": 1101.6,
		"milesToDate": 1547,
		"daysExercised": "M/T/F",
		"dateRecorded": "2019-11-18",
		"exerciseType": "Cycling",
		"createdTs": "2020-04-15 20:37:20"
	},
	{
		"id": 24,
		"totalTime": 180,
		"totalMiles": 50.6,
		"totalCalories": 1222.7,
		"milesToDate": 1501,
		"daysExercised": "M/T/W",
		"dateRecorded": "2019-11-13",
		"exerciseType": "Cycling",
		"createdTs": "2020-04-15 20:37:50"
	},
	{
		"id": 25,
		"totalTime": 180,
		"totalMiles": 51.3,
		"totalCalories": 1238.9,
		"milesToDate": 1450,
		"daysExercised": "T/F/S",
		"dateRecorded": "2019-11-10",
		"exerciseType": "Cycling",
		"createdTs": "2020-04-15 20:38:31"
	},
	{
		"id": 26,
		"totalTime": 180,
		"totalMiles": 51.9,
		"totalCalories": 1253.3,
		"milesToDate": 1399,
		"daysExercised": "M/T/F",
		"dateRecorded": "2019-11-06",
		"exerciseType": "Cycling",
		"createdTs": "2020-04-15 20:39:00"
	},
	{
		"id": 27,
		"totalTime": 180,
		"totalMiles": 51.7,
		"totalCalories": 1248.7,
		"milesToDate": 1347,
		"daysExercised": "T/W/T",
		"dateRecorded": "2019-10-31",
		"exerciseType": "Cycling",
		"createdTs": "2020-04-15 20:39:33"
	},
	{
		"id": 28,
		"totalTime": 180,
		"totalMiles": 51.0,
		"totalCalories": 1231.7,
		"milesToDate": 1295,
		"daysExercised": "M/T/F",
		"dateRecorded": "2019-10-28",
		"exerciseType": "Cycling",
		"createdTs": "2020-04-15 20:40:09"
	},
	{
		"id": 29,
		"totalTime": 180,
		"totalMiles": 50.0,
		"totalCalories": 1207.2,
		"milesToDate": 1244,
		"daysExercised": "M/T/W",
		"dateRecorded": "2019-10-23",
		"exerciseType": "Cycling",
		"createdTs": "2020-04-15 20:40:40"
	},
	{
		"id": 30,
		"totalTime": 180,
		"totalMiles": 50.5,
		"totalCalories": 1219.1,
		"milesToDate": 1194,
		"daysExercised": "T/W/T",
		"dateRecorded": "2019-10-17",
		"exerciseType": "Cycling",
		"createdTs": "2020-04-15 20:41:13"
	},
	{
		"id": 31,
		"totalTime": 180,
		"totalMiles": 50.7,
		"totalCalories": 1224.1,
		"milesToDate": 1143,
		"daysExercised": "M/T/F",
		"dateRecorded": "2019-10-14",
		"exerciseType": "Cycling",
		"createdTs": "2020-04-15 20:41:47"
	},
	{
		"id": 32,
		"totalTime": 180,
		"totalMiles": 50.0,
		"totalCalories": 1208.8,
		"milesToDate": 1093,
		"daysExercised": "M/T/F",
		"dateRecorded": "2019-10-08",
		"exerciseType": "Cycling",
		"createdTs": "2020-04-15 20:42:13"
	},
	{
		"id": 33,
		"totalTime": 180,
		"totalMiles": 50.4,
		"totalCalories": 1216.7,
		"milesToDate": 1043,
		"daysExercised": "M/T/W",
		"dateRecorded": "2019-10-02",
		"exerciseType": "Cycling",
		"createdTs": "2020-04-15 20:42:47"
	},
	{
		"id": 34,
		"totalTime": 180,
		"totalMiles": 51.5,
		"totalCalories": 1245.4,
		"milesToDate": 992,
		"daysExercised": "W/T/F",
		"dateRecorded": "2019-09-27",
		"exerciseType": "Cycling",
		"createdTs": "2020-04-15 20:43:13"
	},
	{
		"id": 35,
		"totalTime": 180,
		"totalMiles": 51.2,
		"totalCalories": 1237.3,
		"milesToDate": 941,
		"daysExercised": "M/T/F",
		"dateRecorded": "2019-09-24",
		"exerciseType": "Cycling",
		"createdTs": "2020-04-15 20:43:49"
	},
	{
		"id": 36,
		"totalTime": 160,
		"totalMiles": 44.8,
		"totalCalories": 1082.9,
		"milesToDate": 889,
		"daysExercised": "M/T/T",
		"dateRecorded": "2019-09-19",
		"exerciseType": "Cycling",
		"createdTs": "2020-04-15 20:44:19"
	},
	{
		"id": 38,
		"totalTime": 180,
		"totalMiles": 50.7,
		"totalCalories": 1223.8,
		"milesToDate": 798,
		"daysExercised": "M/T/W",
		"dateRecorded": "2019-09-11",
		"exerciseType": "Cycling",
		"createdTs": "2020-04-15 20:46:00"
	},
	{
		"id": 39,
		"totalTime": 180,
		"totalMiles": 50.5,
		"totalCalories": 1221.1,
		"milesToDate": 743,
		"daysExercised": "T/F/S",
		"dateRecorded": "2019-09-08",
		"exerciseType": "Cycling",
		"createdTs": "2020-04-15 20:46:40"
	},
	{
		"id": 40,
		"totalTime": 120,
		"totalMiles": 34.2,
		"totalCalories": 826.7,
		"milesToDate": 693,
		"daysExercised": "M/T",
		"dateRecorded": "2019-09-03",
		"exerciseType": "Cycling",
		"createdTs": "2020-04-15 20:47:15"
	},
	{
		"id": 41,
		"totalTime": 120,
		"totalMiles": 34.2,
		"totalCalories": 826.7,
		"milesToDate": 658,
		"daysExercised": "W/T/F",
		"dateRecorded": "2019-08-30",
		"exerciseType": "Cycling",
		"createdTs": "2020-04-15 20:47:57"
	},
	{
		"id": 42,
		"totalTime": 120,
		"totalMiles": 34.8,
		"totalCalories": 842.4,
		"milesToDate": 624,
		"daysExercised": "M/T/S",
		"dateRecorded": "2019-08-27",
		"exerciseType": "Cycling",
		"createdTs": "2020-04-15 20:48:29"
	},
	{
		"id": 43,
		"totalTime": 120,
		"totalMiles": 34.9,
		"totalCalories": 843.6,
		"milesToDate": 589,
		"daysExercised": "W/T/F",
		"dateRecorded": "2019-08-23",
		"exerciseType": "Cycling",
		"createdTs": "2020-04-15 20:49:01"
	},
	{
		"id": 44,
		"totalTime": 120,
		"totalMiles": 35.0,
		"totalCalories": 846.0,
		"milesToDate": 554,
		"daysExercised": "M/T/S",
		"dateRecorded": "2019-08-20",
		"exerciseType": "Cycling",
		"createdTs": "2020-04-15 20:49:33"
	},
	{
		"id": 45,
		"totalTime": 120,
		"totalMiles": 35.4,
		"totalCalories": 856.9,
		"milesToDate": 519,
		"daysExercised": "W/T/F",
		"dateRecorded": "2019-08-16",
		"exerciseType": "Cycling",
		"createdTs": "2020-04-15 20:50:02"
	},
	{
		"id": 46,
		"totalTime": 120,
		"totalMiles": 35.6,
		"totalCalories": 861.6,
		"milesToDate": 484,
		"daysExercised": "M/T/S",
		"dateRecorded": "2019-08-13",
		"exerciseType": "Cycling",
		"createdTs": "2020-04-15 20:50:32"
	},
	{
		"id": 47,
		"totalTime": 120,
		"totalMiles": 33.9,
		"totalCalories": 820.3,
		"milesToDate": 448,
		"daysExercised": "W/T/F",
		"dateRecorded": "2019-08-09",
		"exerciseType": "Cycling",
		"createdTs": "2020-04-15 20:51:02"
	},
	{
		"id": 48,
		"totalTime": 120,
		"totalMiles": 35.3,
		"totalCalories": 854.1,
		"milesToDate": 414,
		"daysExercised": "M/T/S",
		"dateRecorded": "2019-08-06",
		"exerciseType": "Cycling",
		"createdTs": "2020-04-15 20:51:29"
	},
	{
		"id": 49,
		"totalTime": 120,
		"totalMiles": 34.7,
		"totalCalories": 837.7,
		"milesToDate": 379,
		"daysExercised": "W/T/F",
		"dateRecorded": "2019-08-02",
		"exerciseType": "Cycling",
		"createdTs": "2020-04-15 20:52:07"
	},
	{
		"id": 50,
		"totalTime": 120,
		"totalMiles": 34.1,
		"totalCalories": 825.0,
		"milesToDate": 344,
		"daysExercised": "M/T/S",
		"dateRecorded": "2019-07-30",
		"exerciseType": "Cycling",
		"createdTs": "2020-04-15 20:52:33"
	},
	{
		"id": 51,
		"totalTime": 120,
		"totalMiles": 34.0,
		"totalCalories": 822.5,
		"milesToDate": 310,
		"daysExercised": "T/W/T",
		"dateRecorded": "2019-07-25",
		"exerciseType": "Cycling",
		"createdTs": "2020-04-15 20:52:57"
	},
	{
		"id": 52,
		"totalTime": 120,
		"totalMiles": 33.6,
		"totalCalories": 811.5,
		"milesToDate": 276,
		"daysExercised": "M/F/S",
		"dateRecorded": "2019-07-23",
		"exerciseType": "Cycling",
		"createdTs": "2020-04-15 20:53:27"
	},
	{
		"id": 53,
		"totalTime": 160,
		"totalMiles": 45.0,
		"totalCalories": 1087.2,
		"milesToDate": 242,
		"daysExercised": "M/T/W/T",
		"dateRecorded": "2019-07-18",
		"exerciseType": "Cycling",
		"createdTs": "2020-04-15 20:53:56"
	},
	{
		"id": 54,
		"totalTime": 120,
		"totalMiles": 32.5,
		"totalCalories": 786.5,
		"milesToDate": 197,
		"daysExercised": "T/F/S",
		"dateRecorded": "2019-07-14",
		"exerciseType": "Cycling",
		"createdTs": "2020-04-15 20:54:31"
	},
	{
		"id": 55,
		"totalTime": 150,
		"totalMiles": 44.0,
		"totalCalories": 1062.3,
		"milesToDate": 165,
		"daysExercised": "M/T/W/S",
		"dateRecorded": "2019-07-10",
		"exerciseType": "Cycling",
		"createdTs": "2020-04-15 20:55:06"
	},
	{
		"id": 56,
		"totalTime": 120,
		"totalMiles": 32.9,
		"totalCalories": 796.2,
		"milesToDate": 120,
		"daysExercised": "W/T/F",
		"dateRecorded": "2019-07-05",
		"exerciseType": "Cycling",
		"createdTs": "2020-04-15 20:55:32"
	},
	{
		"id": 57,
		"totalTime": 120,
		"totalMiles": 33.0,
		"totalCalories": 797.2,
		"milesToDate": 88,
		"daysExercised": "M/T/S",
		"dateRecorded": "2019-07-02",
		"exerciseType": "Cycling",
		"createdTs": "2020-04-15 20:55:59"
	},
	{
		"id": 58,
		"totalTime": 80,
		"totalMiles": 22.4,
		"totalCalories": 541.3,
		"milesToDate": 54,
		"daysExercised": "T/F",
		"dateRecorded": "2019-06-28",
		"exerciseType": "Cycling",
		"createdTs": "2020-04-15 20:56:24"
	},
	{
		"id": 59,
		"totalTime": 120,
		"totalMiles": 32.5,
		"totalCalories": 785.7,
		"milesToDate": 32,
		"daysExercised": "M/W/S",
		"dateRecorded": "2019-06-26",
		"exerciseType": "Cycling",
		"createdTs": "2020-04-15 20:56:51"
	},
	{
		"id": 60,
		"totalTime": 120,
		"totalMiles": 32.0,
		"totalCalories": 772.9,
		"milesToDate": 580,
		"daysExercised": "W/T/S",
		"dateRecorded": "2019-06-22",
		"exerciseType": "Cycling",
		"createdTs": "2020-04-15 20:57:17"
	},
	{
		"id": 61,
		"totalTime": 120,
		"totalMiles": 33.1,
		"totalCalories": 799.5,
		"milesToDate": 548,
		"daysExercised": "M/T/S",
		"dateRecorded": "2019-06-18",
		"exerciseType": "Cycling",
		"createdTs": "2020-04-15 20:57:47"
	},
	{
		"id": 62,
		"totalTime": 120,
		"totalMiles": 31.4,
		"totalCalories": 760.3,
		"milesToDate": 515,
		"daysExercised": "W/T/F",
		"dateRecorded": "2019-06-14",
		"exerciseType": "Cycling",
		"createdTs": "2020-04-15 20:58:10"
	},
	{
		"id": 63,
		"totalTime": 120,
		"totalMiles": 31.2,
		"totalCalories": 754.3,
		"milesToDate": 483,
		"daysExercised": "M/T/S",
		"dateRecorded": "2019-06-11",
		"exerciseType": "Cycling",
		"createdTs": "2020-04-15 20:58:42"
	},
	{
		"id": 64,
		"totalTime": 120,
		"totalMiles": 32.4,
		"totalCalories": 783.9,
		"milesToDate": 452,
		"daysExercised": "F/S/S",
		"dateRecorded": "2019-06-02",
		"exerciseType": "Cycling",
		"createdTs": "2020-04-15 20:59:16"
	},
	{
		"id": 65,
		"totalTime": 120,
		"totalMiles": 32.4,
		"totalCalories": 783.5,
		"milesToDate": 420,
		"daysExercised": "T/W/T",
		"dateRecorded": "2019-05-30",
		"exerciseType": "Cycling",
		"createdTs": "2020-04-15 20:59:46"
	},
	{
		"id": 66,
		"totalTime": 120,
		"totalMiles": 32.2,
		"totalCalories": 778.5,
		"milesToDate": 387,
		"daysExercised": "W/T/F",
		"dateRecorded": "2019-05-24",
		"exerciseType": "Cycling",
		"createdTs": "2020-04-15 21:00:18"
	},
	{
		"id": 67,
		"totalTime": 120,
		"totalMiles": 32.7,
		"totalCalories": 791.1,
		"milesToDate": 355,
		"daysExercised": "M/T/S",
		"dateRecorded": "2019-05-21",
		"exerciseType": "Cycling",
		"createdTs": "2020-04-15 21:00:44"
	},
	{
		"id": 68,
		"totalTime": 120,
		"totalMiles": 31.2,
		"totalCalories": 755.0,
		"milesToDate": 322,
		"daysExercised": "W/T/F",
		"dateRecorded": "2019-05-17",
		"exerciseType": "Cycling",
		"createdTs": "2020-04-15 21:01:11"
	},
	{
		"id": 69,
		"totalTime": 120,
		"totalMiles": 31.6,
		"totalCalories": 763.8,
		"milesToDate": 291,
		"daysExercised": "M/T/S",
		"dateRecorded": "2019-05-14",
		"exerciseType": "Cycling",
		"createdTs": "2020-04-15 21:01:37"
	},
	{
		"id": 70,
		"totalTime": 90,
		"totalMiles": 23.6,
		"totalCalories": 571.7,
		"milesToDate": 259,
		"daysExercised": "W/T/F",
		"dateRecorded": "2019-05-10",
		"exerciseType": "Cycling",
		"createdTs": "2020-04-15 21:02:02"
	},
	{
		"id": 71,
		"totalTime": 90,
		"totalMiles": 23.6,
		"totalCalories": 570.7,
		"milesToDate": 235,
		"daysExercised": "M/T/S",
		"dateRecorded": "2019-05-07",
		"exerciseType": "Cycling",
		"createdTs": "2020-04-15 21:02:23"
	},
	{
		"id": 72,
		"totalTime": 90,
		"totalMiles": 22.1,
		"totalCalories": 533.8,
		"milesToDate": 212,
		"daysExercised": "W/T/F",
		"dateRecorded": "2019-05-03",
		"exerciseType": "Cycling",
		"createdTs": "2020-04-15 21:02:50"
	},
	{
		"id": 73,
		"totalTime": 90,
		"totalMiles": 22.1,
		"totalCalories": 534.2,
		"milesToDate": 190,
		"daysExercised": "M/T/S",
		"dateRecorded": "2019-04-30",
		"exerciseType": "Cycling",
		"createdTs": "2020-04-15 21:03:20"
	},
	{
		"id": 74,
		"totalTime": 90,
		"totalMiles": 22.0,
		"totalCalories": 531.7,
		"milesToDate": 168,
		"daysExercised": "T/W/T",
		"dateRecorded": "2019-04-25",
		"exerciseType": "Cycling",
		"createdTs": "2020-04-15 21:04:50"
	},
	{
		"id": 75,
		"totalTime": 90,
		"totalMiles": 24.7,
		"totalCalories": 597.0,
		"milesToDate": 146,
		"daysExercised": "M/T/S",
		"dateRecorded": "2019-04-09",
		"exerciseType": "Cycling",
		"createdTs": "2020-04-15 21:05:24"
	},
	{
		"id": 76,
		"totalTime": 120,
		"totalMiles": 33.4,
		"totalCalories": 807.7,
		"milesToDate": 121,
		"daysExercised": "W/T/F",
		"dateRecorded": "2019-04-05",
		"exerciseType": "Cycling",
		"createdTs": "2020-04-15 21:05:51"
	},
	{
		"id": 77,
		"totalTime": 120,
		"totalMiles": 33.1,
		"totalCalories": 800.0,
		"milesToDate": 87,
		"daysExercised": "M/T/S",
		"dateRecorded": "2019-04-02",
		"exerciseType": "Cycling",
		"createdTs": "2020-04-15 21:06:18"
	},
	{
		"id": 78,
		"totalTime": 150,
		"totalMiles": 34.4,
		"totalCalories": 952.6,
		"milesToDate": 54,
		"daysExercised": "M/T/W/T/F/S",
		"dateRecorded": "2019-03-29",
		"exerciseType": "Cycling",
		"createdTs": "2020-04-15 21:07:04"
	},
	{
		"id": 79,
		"totalTime": 60,
		"totalMiles": 15.2,
		"totalCalories": 367.9,
		"milesToDate": 15,
		"daysExercised": "W/T/F",
		"dateRecorded": "2019-03-22",
		"exerciseType": "Cycling",
		"createdTs": "2020-04-15 21:07:27"
	},
	{
		"id": 37,
		"totalTime": 180,
		"totalMiles": 50.5,
		"totalCalories": 1220.2,
		"milesToDate": 848,
		"daysExercised": "T/F/S",
		"dateRecorded": "2019-09-15",
		"exerciseType": "Cycling",
		"createdTs": "2020-04-15 20:45:01"
	},
	{
		"id": 80,
		"totalTime": 180,
		"totalMiles": 57.0,
		"totalCalories": 1377.0,
		"milesToDate": 3211,
		"daysExercised": "M/T/F",
		"dateRecorded": "2020-04-14",
		"exerciseType": "Cycling",
		"createdTs": "2020-04-16 20:13:42"
	},
	{
		"id": 81,
		"totalTime": 180,
		"totalMiles": 56.0,
		"totalCalories": 1352.2,
		"milesToDate": 3154,
		"daysExercised": "T/W/T",
		"dateRecorded": "2020-04-09",
		"exerciseType": "Cycling",
		"createdTs": "2020-04-16 20:31:02"
	},
	{
		"id": 82,
		"totalTime": 180,
		"totalMiles": 53.2,
		"totalCalories": 1285.9,
		"milesToDate": 3098,
		"daysExercised": "M/T/F",
		"dateRecorded": "2020-04-06",
		"exerciseType": "Cycling",
		"createdTs": "2020-04-16 20:31:41"
	},
	{
		"id": 83,
		"totalTime": 180,
		"totalMiles": 53.2,
		"totalCalories": 1285.7,
		"milesToDate": 3045,
		"daysExercised": "M/T/W",
		"dateRecorded": "2020-04-01",
		"exerciseType": "Cycling",
		"createdTs": "2020-04-16 20:32:07"
	},
	{
		"id": 84,
		"totalTime": 180,
		"totalMiles": 53.1,
		"totalCalories": 1283.7,
		"milesToDate": 2992,
		"daysExercised": "T/F/S",
		"dateRecorded": "2020-03-29",
		"exerciseType": "Cycling",
		"createdTs": "2020-04-16 20:32:47"
	},
	{
		"id": 85,
		"totalTime": 180,
		"totalMiles": 52.8,
		"totalCalories": 1275.2,
		"milesToDate": 2939,
		"daysExercised": "M/T/W",
		"dateRecorded": "2020-03-25",
		"exerciseType": "Cycling",
		"createdTs": "2020-04-16 20:33:11"
	},
	{
		"id": 86,
		"totalTime": 180,
		"totalMiles": 52.0,
		"totalCalories": 1255.8,
		"milesToDate": 2886,
		"daysExercised": "W/T/F",
		"dateRecorded": "2020-03-20",
		"exerciseType": "Cycling",
		"createdTs": "2020-04-16 20:33:58"
	},
	{
		"id": 87,
		"totalTime": 180,
		"totalMiles": 52.8,
		"totalCalories": 1274.6,
		"milesToDate": 2834,
		"daysExercised": "M/T/F",
		"dateRecorded": "2020-03-17",
		"exerciseType": "Cycling",
		"createdTs": "2020-04-16 20:34:52"
	},
	{
		"id": 88,
		"totalTime": 180,
		"totalMiles": 52.5,
		"totalCalories": 1268.1,
		"milesToDate": 2781,
		"daysExercised": "T/W/T",
		"dateRecorded": "2020-03-12",
		"exerciseType": "Cycling",
		"createdTs": "2020-04-16 20:35:21"
	},
	{
		"id": 89,
		"totalTime": 180,
		"totalMiles": 53.1,
		"totalCalories": 1283.7,
		"milesToDate": 2728,
		"daysExercised": "M/T/F",
		"dateRecorded": "2020-03-09",
		"exerciseType": "Cycling",
		"createdTs": "2020-04-16 20:35:46"
	}
]